# time_yr,relative_energy_error,x_AU,y_AU
0.000000000000000000e+00,0.000000000000000000e+00,9.483243935730703011e-01,0.000000000000000000e+00
2.248918316639376414e-01,2.847973042422737866e-07,5.649582528014025773e-02,9.917385678182717434e-01
3.998077007358893376e-01,2.206915015418531619e-07,-8.748758350621395063e-01,5.629523304459735922e-01
6.246995323998267846e-01,1.808906226616905780e-07,-7.799747358350507254e-01,-6.818286063845675482e-01
8.246033827677707873e-01,1.869028262751324150e-07,3.631390944605291105e-01,-9.090741454703357149e-01
1.024507233135715012e+00,2.604415425769594070e-07,9.355470218074912747e-01,1.640403409132611956e-01
1.224411083503660791e+00,2.080702553653206861e-07,5.709895189922994246e-02,9.913339252865541740e-01
1.399326952575613348e+00,1.231668082193400274e-07,-8.740923554362982628e-01,5.623456788121478089e-01
1.599230802943559127e+00,2.685827305684348015e-07,-8.732724237469982054e-01,-5.644430817811185719e-01
1.799134653311504906e+00,2.117381970676413378e-07,2.141407635567944556e-01,-9.626272648763950501e-01
1.999038503679450685e+00,1.732697180904209509e-07,9.497614750701909303e-01,9.966771499040330464e-04
2.198942354047396464e+00,2.073463657385984196e-07,2.122730424182522058e-01,9.631551978695536143e-01
2.398846204415342243e+00,2.649392283393144578e-07,-8.743493998003160073e-01,5.629437577676557058e-01
2.598750054783288022e+00,1.541405305833666448e-07,-8.731022806684103355e-01,-5.638459272351250551e-01
2.798653905151233801e+00,2.243649775565407550e-07,2.143664546433114160e-01,-9.615612464754100808e-01
2.998557755519179580e+00,2.558034861287924122e-07,9.491766135365834467e-01,2.098122500847354917e-03
3.198461605887125359e+00,1.853432302180519642e-07,2.112160543611986963e-01,9.636158410947529562e-01
3.398365456255071138e+00,1.816044642241449606e-07,-8.755055722062691226e-01,5.626739416950317096e-01
3.598269306623016917e+00,2.157124817105442724e-07,-8.738618136594422658e-01,-5.645326172497261430e-01
3.798173156990962696e+00,2.882871816801948668e-07,2.137958826294980574e-01,-9.620159285296270291e-01
3.998077007358908475e+00,8.720768108766985888e-09,9.483258979659683341e-01,1.883447107620013928e-03
4.197980857726854254e+00,2.898662909349791898e-07,2.101141092376571096e-01,9.628647171707698238e-01
4.397884708094800033e+00,2.259002089877982472e-07,-8.758834543312443710e-01,5.613716310820263677e-01
4.597788558462745812e+00,1.852694230152635754e-07,-8.733556974021065011e-01,-5.657833731337408301e-01
4.797692408830691591e+00,1.805972451070525778e-07,2.150130405010360068e-01,-9.626535557902287099e-01
4.997596259198637370e+00,2.424080299787003627e-07,9.492754516739878579e-01,1.878303743462659712e-03
5.197500109566583149e+00,2.609354051867872426e-07,2.107436411803093601e-01,9.625993206444714012e-01
5.397403959934528928e+00,9.399254280766507228e-08,-8.750837131087589871e-01,5.608465495248405874e-01
5.597307810302474707e+00,2.713810623321502323e-07,-8.721941880953205661e-01,-5.659391016084284187e-01
5.797211660670420486e+00,2.163552518438455537e-07,2.160075997503735079e-01,-9.620935447481692160e-01
5.997115511038366265e+00,1.736356102006888879e-07,9.497546779687211504e-01,2.992067873423630026e-03
6.197019361406312044e+00,2.031928991418434915e-07,2.104006879323206403e-01,9.636782318909802303e-01
6.396923211774257823e+00,2.607009273400008509e-07,-8.754269579677759205e-01,5.614379049132816046e-01
6.596827062142203602e+00,1.839994348411368483e-07,-8.721108563995323415e-01,-5.653507411880605016e-01
6.796730912510149381e+00,1.978242892966792203e-07,2.161722710381473178e-01,-9.610424670575525852e-01
6.996634762878095160e+00,2.626234089023233202e-07,9.491182804742136492e-01,4.084926969850757872e-03
7.196538613246040939e+00,1.882886733250972582e-07,2.093107631262394464e-01,9.640877703592072301e-01
7.396442463613986718e+00,1.802555856589926120e-07,-8.765755503207999233e-01,5.611091218454004048e-01
7.596346313981932497e+00,2.109875020374134484e-07,-8.728391403483888311e-01,-5.661153517481551933e-01
7.796250164349878276e+00,2.843882443386310174e-07,2.156488460065234258e-01,-9.615847059897492111e-01
7.996154014717824055e+00,3.327444302944996871e-08,9.483303288459755676e-01,3.772225466898664840e-03
8.196057865085769834e+00,2.859895465469060158e-07,2.082776191283751133e-01,9.632854752964850054e-01
8.395961715453715613e+00,2.313078422470281378e-07,-8.768869069527137627e-01,5.597876701023598578e-01
8.595865565821661392e+00,1.875671624955250540e-07,-8.722717578719709763e-01,-5.673342898664983647e-01
8.795769416189607171e+00,1.787971372806521945e-07,2.169120165356733521e-01,-9.621613768142456280e-01
8.995673266557552950e+00,2.359690031547969631e-07,9.493156033398573168e-01,3.874984646221697401e-03
9.195577116925498729e+00,2.716962204735961622e-07,2.089189554148599137e-01,9.631196111159858742e-01
9.395480967293444508e+00,6.994751967954015027e-08,-8.760788619373711672e-01,5.593451200271153390e-01
9.595384817661390287e+00,2.730181739108216574e-07,-8.711129009589757555e-01,-5.674349423760195466e-01
9.795288668029336066e+00,2.211826746673041873e-07,2.178771496091831128e-01,-9.615531793803550054e-01
9.995192518397281844e+00,1.743668326736128129e-07,9.497410759129465418e-01,4.993381475253621041e-03
1.019509636876522762e+01,1.992896757287654877e-07,2.085201529493314332e-01,9.641971933789819094e-01
1.039500021913317340e+01,2.560629926561206996e-07,-8.765067952756162573e-01,5.599224882536710801e-01
1.059490406950111918e+01,2.106258702649701447e-07,-8.711155379551897004e-01,-5.668633018932199841e-01
1.079480791986906496e+01,1.662655309593645017e-07,2.179794796430175319e-01,-9.605231983823093733e-01
1.099471177023701074e+01,2.693900221413052979e-07,9.490542837399339460e-01,6.075221253816563693e-03
1.119461562060495652e+01,1.916133170965188171e-07,2.073964540565214343e-01,9.645546687220711846e-01
1.139451947097290230e+01,1.792395230967432319e-07,-8.776447051995018844e-01,5.595336188232935548e-01
1.159442332134084808e+01,2.065361504106291639e-07,-8.718057505819697406e-01,-5.677031161937026171e-01
1.179432717170879386e+01,2.792189621602806845e-07,2.175145271522481993e-01,-9.611469150451594778e-01
1.199423102207673963e+01,6.938820531345716973e-08,9.483374459987324867e-01,5.671244341939402772e-03
1.219413487244468541e+01,2.777694319175618660e-07,2.064391831722683091e-01,9.637058500891190205e-01
1.239403872281263119e+01,2.368749454539636230e-07,-8.778882193516261978e-01,5.581978976832470130e-01
1.259394257318057697e+01,1.901612990022951456e-07,-8.711793056948828884e-01,-5.688865469907912198e-01
1.279384642354852275e+01,1.773771329945384839e-07,2.188158317028282840e-01,-9.616607002542106875e-01
1.299375027391646853e+01,2.297634466409714775e-07,9.493493790546814193e-01,5.881573226419473631e-03
1.319365412428441431e+01,2.783798078862695482e-07,2.070809533756657606e-01,9.636412462687065084e-01
1.339355797465236009e+01,5.414029556046957652e-08,-8.770799832402620400e-01,5.578382861465435161e-01
1.359346182502030587e+01,2.731036803706491096e-07,-8.700270112478111217e-01,-5.689333521227180057e-01
1.379336567538825165e+01,2.262032653910251227e-07,2.197525238934454339e-01,-9.610054318572335275e-01
1.399326952575619742e+01,1.754623015559794496e-07,9.497206551937027452e-01,7.003962440251392495e-03
1.419317337612414320e+01,1.956476112910888258e-07,2.066284230175281511e-01,9.647127630172184221e-01
1.439307722649208898e+01,2.511757507730622400e-07,-8.775902842263946235e-01,5.583949362465219224e-01
1.459298107686003476e+01,2.327973307899220644e-07,-8.701140698853023769e-01,-5.683862553572649468e-01
1.479288492722798054e+01,1.312246769576816037e-07,2.197914232011812796e-01,-9.600030617642960618e-01
1.499278877759592632e+01,2.759549237382028690e-07,9.489848722732183717e-01,8.071602228324448527e-03
1.519269262796387210e+01,1.953137282815486335e-07,2.054705406496105946e-01,9.650171697287257544e-01
1.539259647833181788e+01,1.785625910199108404e-07,-8.787144635992318875e-01,5.579450849924747491e-01
1.559250032869976366e+01,2.023744088635770166e-07,-8.707599507758959634e-01,-5.692979513892202359e-01
1.579240417906770944e+01,2.732170622219614275e-07,2.193955941097744111e-01,-9.607012721360635998e-01
1.599230802943565521e+01,1.114849278541472649e-07,9.483468701505545218e-01,7.584608657910001280e-03
1.619221187980360099e+01,2.642474309770725639e-07,2.045958138843383955e-01,9.641271702523143139e-01
1.639211573017154677e+01,2.425502277564657900e-07,-8.788890368790159835e-01,5.566003232761278507e-01
1.659201958053949255e+01,1.930405636901827387e-07,-8.700768769492085442e-01,-5.704423959333377869e-01
1.679192343090743833e+01,1.763343627854210004e-07,2.207271299436480705e-01,-9.611508572955355101e-01
1.699182728127538411e+01,2.238218217506766926e-07,9.493766580406681754e-01,7.900437395144814176e-03
1.719173113164332989e+01,2.817620300033527235e-07,2.052272336854996937e-01,9.641643873455872926e-01
1.739163498201127567e+01,4.873208250866255041e-08,-8.780887566542572298e-01,5.563235169000944058e-01
1.759153883237922145e+01,2.711693363620371670e-07,-8.689353781277555644e-01,-5.704364619114181689e-01
1.779144268274716723e+01,2.313965395274390909e-07,2.216360517731442159e-01,-9.604497685395252393e-01
1.799134653311511300e+01,1.769204496033340372e-07,9.496934000019466859e-01,9.026307668409441418e-03
1.819125038348305878e+01,1.922768601230068560e-07,2.047232975322972326e-01,9.652254070756348669e-01
1.839115423385100456e+01,2.461540304345205150e-07,-8.786783243575381208e-01,5.568533733629469351e-01
1.859105808421895034e+01,2.500765806329663422e-07,-8.691046588693364106e-01,-5.699214886948510417e-01
1.879096193458689612e+01,9.541471939376200366e-08,2.216107101900018084e-01,-9.594818485002208908e-01
1.899086578495484190e+01,2.821159590862644227e-07,9.489103344386558003e-01,1.007574459711485515e-02
1.919076963532278768e+01,1.993851409695113041e-07,2.035313882361668159e-01,9.654756715791639188e-01
1.939067348569073346e+01,1.782298236599575367e-07,-8.797857269242541634e-01,5.563419420238888691e-01
1.959057733605867924e+01,1.985154572819179142e-07,-8.697005730069747864e-01,-5.709011434236774818e-01
1.979048118642662502e+01,2.667126506435431963e-07,2.212937295584613828e-01,-9.602467752748092833e-01
1.999038503679457079e+01,1.541796415547416133e-07,9.483581108190579645e-01,9.515311344942989358e-03
2.019028888716251657e+01,2.446282605277059486e-07,2.027453738767654723e-01,9.645505160906879816e-01
2.039019273753046235e+01,2.482663014088838350e-07,-8.798904903198895289e-01,5.549937235271518166e-01
2.059009658789840813e+01,1.961930997617571414e-07,-8.689635281175864812e-01,-5.720033083882510860e-01
2.079000043826635391e+01,1.756648683725010583e-07,2.226476456344804455e-01,-9.606314150124308782e-01
2.098990428863429969e+01,2.181663573704209752e-07,9.493973428630336775e-01,9.932970214435177247e-03
2.118980813900224547e+01,2.825587726464867823e-07,2.033564249438492566e-01,9.646889581114274081e-01
2.138971198937019125e+01,5.438208569788854476e-08,-8.791062298187277690e-01,5.547990589585423127e-01
2.158961583973813703e+01,2.666760242285055402e-07,-8.678374029596312988e-01,-5.719456059695736672e-01
2.178951969010608281e+01,2.367374263433897188e-07,2.235290584664034463e-01,-9.598859245342582502e-01
2.198942354047402858e+01,1.787393350205095471e-07,9.496592974818934829e-01,1.106183876434125614e-02
2.218932739084197436e+01,1.891870072392894918e-07,2.028035947228541414e-01,9.657353302071538526e-01
2.238923124120992014e+01,2.410851597003305587e-07,-8.797712388246407000e-01,5.552967898330891661e-01
2.258913509157786592e+01,2.626005007405602138e-07,-8.680861027626686210e-01,-5.714699727511599603e-01
2.278903894194581170e+01,6.262734245568616828e-08,2.234390148160971534e-01,-9.589595610842139850e-01
2.298894279231375748e+01,2.875998003132164490e-07,9.488310052472798128e-01,1.208821167273266446e-02
2.318884664268170326e+01,2.038213924125131203e-07,2.015784946119615062e-01,9.659303008754031028e-01
2.338875049304964904e+01,1.782450030846740753e-07,-8.808587786926145302e-01,5.547235369670591165e-01
2.358865434341759482e+01,1.949702819111967965e-07,-8.686270843204636494e-01,-5.725130801922200252e-01
2.378855819378554060e+01,2.599500592350198765e-07,2.232094594356396899e-01,-9.597827620258414516e-01
2.398846204415348637e+01,1.933293030611163496e-07,9.483705989352260168e-01,1.146502718185078186e-02
2.418836589452143215e+01,2.185436921853967674e-07,2.008867412170504685e-01,9.649766731368432104e-01
2.438826974488937793e+01,2.539340432696282687e-07,-8.808931129314808706e-01,5.533777788957656707e-01
2.458817359525732371e+01,1.996065812504926671e-07,-8.678389372310775229e-01,-5.735698446527023320e-01
2.478807744562526949e+01,1.753637430943748512e-07,2.245780393540926789e-01,-9.601022253475948176e-01
2.498798129599321527e+01,2.128133349230992407e-07,9.494113616575505787e-01,1.197943414758580530e-02
2.518788514636116105e+01,2.813864342522828757e-07,2.014683116162761245e-01,9.652146199972900797e-01
2.538778899672910683e+01,7.009138685195463159e-08,-8.801327445778818204e-01,5.532640688235291870e-01
2.558769284709705261e+01,2.590390408086893346e-07,-8.667331111435226942e-01,-5.734612184376308708e-01
2.578759669746499839e+01,2.421944017554309432e-07,2.254317345080446289e-01,-9.593139464800225502e-01
2.598750054783294416e+01,1.809166992055153108e-07,9.496183434180711647e-01,1.311077274474062131e-02
2.618740439820088994e+01,1.863871651904441909e-07,2.008692618511560002e-01,9.662424536733961178e-01
2.638730824856883572e+01,2.360354861415844672e-07,-8.808687252795249778e-01,5.537251328039149989e-01
2.658721209893678150e+01,2.708561084042153935e-07,-8.670578647096354175e-01,-5.730316848923781015e-01
2.678711594930472728e+01,3.722044838747322554e-08,2.252769667790487929e-01,-9.584364299100496254e-01
2.698701979967267306e+01,2.920407585107903644e-07,9.487472733376389744e-01,1.410837032102277289e-02
2.718692365004061884e+01,2.086146608242522374e-07,1.996125700859180674e-01,9.663809032107503194e-01
2.738682750040856462e+01,1.786106480573752895e-07,-8.819332490945201997e-01,5.530902156429489125e-01
2.758673135077651040e+01,1.917480494368166874e-07,-8.675396405045510129e-01,-5.741331906639458582e-01
2.778663520114445618e+01,2.531075328673556123e-07,2.251420823163743923e-01,-9.593089404646125695e-01
2.798653905151240195e+01,2.264250177714478561e-07,9.483837200199666251e-01,1.343402441814900081e-02
2.818644290188034773e+01,1.863908209434786334e-07,1.990198744363238237e-01,9.654061114567985546e-01
2.838634675224829351e+01,2.594352472051719363e-07,-8.818968151652368803e-01,5.517531264951500702e-01
2.858625060261623929e+01,2.032682255737879929e-07,-8.667034485932150201e-01,-5.751416067847875402e-01
2.878615445298418507e+01,1.754252676385540381e-07,2.265178350756118786e-01,-9.595634482756461026e-01
2.898605830335213085e+01,2.077747607439842380e-07,9.494186704769197460e-01,1.403891189444098075e-02
2.918596215372007663e+01,2.787520579438807111e-07,1.995638580592386246e-01,9.657407726745467214e-01
2.938586600408802241e+01,9.350640328602518209e-08,-8.811679261356926141e-01,5.517186604858614896e-01
2.958576985445596819e+01,2.476818367548848629e-07,-8.656231758563509571e-01,-5.749828160007272038e-01
2.978567370482391397e+01,2.477269361440985269e-07,2.273431082675782533e-01,-9.587342086290117082e-01
2.998557755519185974e+01,1.834500593280542133e-07,9.495705477462822452e-01,1.517210240664470557e-02
3.018548140555980552e+01,1.838860930025734213e-07,1.989213808965260288e-01,9.667464205031144342e-01
3.038538525592775130e+01,2.310556331036220866e-07,-8.819698651438093728e-01,5.521393105220235853e-01
3.058528910629569708e+01,2.754947962692512540e-07,-8.660200863009192007e-01,-5.746056185314973863e-01
3.078519295666364286e+01,2.320106136156212477e-08,2.271241393891539895e-01,-9.579129037627708287e-01
3.098509680703158864e+01,2.949569501016141911e-07,9.486595866965744639e-01,1.613441858089455574e-02
3.118500065739953442e+01,2.137550698029991018e-07,1.976355097035659425e-01,9.668270613207538000e-01
3.138490450776748020e+01,1.793280909241430532e-07,-8.830081394335848044e-01,5.514433068939224025e-01
3.158480835813542598e+01,1.888564239477749759e-07,-8.664390792769340877e-01,-5.757599721112081070e-01
3.178471220850337176e+01,2.463137283764384988e-07,2.270897060105362963e-01,-9.588253902517605010e-01
3.198461605887131753e+01,2.524544516840329048e-07,9.483968444520270991e-01,1.542119909626445996e-02
3.218451990923926331e+01,1.496720288647545052e-07,1.971457723434451581e-01,9.658389906902411504e-01
3.238442375960720909e+01,2.646134043681402106e-07,-8.829009187820815452e-01,5.501213244202058927e-01
3.258432760997515487e+01,2.071647486559224107e-07,-8.655580571208496554e-01,-5.767172800773404662e-01
3.278423146034310065e+01,1.758430791934004557e-07,2.284654636316300613e-01,-9.590155467467821326e-01
3.298413531071104643e+01,2.030596052206402670e-07,9.494192549080429089e-01,1.610936799098896047e-02
3.318403916107899221e+01,2.750596715902393454e-07,1.976451281556044492e-01,9.662665799262565303e-01
3.338394301144693799e+01,1.215418457665353672e-07,-8.822107353092101256e-01,5.501638640978949724e-01
3.358384686181488377e+01,2.321290080444374423e-07,-8.645088808987790863e-01,-5.765090676006232595e-01
3.378375071218282955e+01,2.532820010055622087e-07,2.292611237763988175e-01,-9.581474005982043574e-01
3.398365456255077532e+01,1.863367546187809579e-07,9.495159390169196634e-01,1.724368743634303522e-02
3.418355841291872110e+01,1.816922853038114596e-07,1.969620696588088027e-01,9.672466265253788498e-01
3.438346226328666688e+01,2.261846133304426231e-07,-8.830731899295403142e-01,5.505411091646126298e-01
3.458336611365461266e+01,2.772020167743239316e-07,-8.649735392099960896e-01,-5.761898781214382925e-01
3.478326996402255844e+01,2.314646325958596504e-08,2.289791358155512935e-01,-9.573896151542841126e-01
3.498317381439050422e+01,2.957266784903846773e-07,9.485684560223640593e-01,1.816352423939025101e-02
3.518307766475845000e+01,2.192299331105752876e-07,1.956502601624405258e-01,9.672681389362519644e-01
3.538298151512639578e+01,1.803975202940917759e-07,-8.840819037302911632e-01,5.497850193370382721e-01
3.558288536549434156e+01,1.863017627637639240e-07,-8.653268533022944187e-01,-5.773911024266370484e-01
3.578278921586228734e+01,2.396608340373360190e-07,2.290493880654523307e-01,-9.583325335590555660e-01
3.598269306623023311e+01,2.714975155934503952e-07,9.484093524358433447e-01,1.742422596115298858e-02
3.618259691659817889e+01,1.111950186987312390e-07,1.952663338717494368e-01,9.662751885082635495e-01
3.638250076696612467e+01,2.692624705987632794e-07,-8.839042465805706517e-01,5.484847308742397676e-01
3.658240461733407045e+01,2.112821562341103335e-07,-8.644043338285569700e-01,-5.782947582325238534e-01
3.678230846770201623e+01,1.766103103159015770e-07,2.304184075091581518e-01,-9.584592535657899814e-01
3.698221231806996201e+01,1.986747056688335594e-07,9.494131301167894055e-01,1.818781513912006223e-02
3.718211616843790779e+01,2.706239669881391180e-07,1.957151075498114456e-01,9.667910182003229824e-01
3.738202001880585357e+01,1.510719050121332876e-07,-8.832595778926224384e-01,5.486014995072650002e-01
3.758192386917379935e+01,2.121459004606401348e-07,-8.633920252948419360e-01,-5.780379443390939453e-01
3.778182771954174513e+01,2.587893532530274146e-07,2.311828163510762091e-01,-9.575544876891257662e-01
3.798173156990969090e+01,1.895739355423231973e-07,9.494545669934084664e-01,1.932244724391130736e-02
3.818163542027763668e+01,1.798140102972076695e-07,1.949942877328908475e-01,9.677422738262589919e-01
3.838153927064558246e+01,2.214529896580421397e-07,-8.841767980512330594e-01,5.489330298671456498e-01
3.858144312101352824e+01,2.766190023078751724e-07,-8.639195201547890113e-01,-5.777818507134240278e-01
3.878134697138147402e+01,3.738984855797842484e-08,2.308397648111563949e-01,-9.568673239493440397e-01
3.898125082174941980e+01,2.935715643751072270e-07,9.484744546649432895e-01,2.019206270569104747e-02
3.918115467211736558e+01,2.250226057572654932e-07,1.936605932954768294e-01,9.677033461413826476e-01
3.938105852248531136e+01,1.818180386263442563e-07,-8.851525796344397179e-01,5.481182600935328164e-01
3.958096237285325714e+01,1.840892523216041586e-07,-8.642049088273471291e-01,-5.790236269905194577e-01
3.978086622322120292e+01,2.332146623486944591e-07,2.310173675826002748e-01,-9.578310781988359501e-01
3.998077007358914869e+01,2.842816450405384543e-07,9.484206523396324640e-01,1.943980997224804483e-02
4.018067392395709447e+01,7.495036576905843595e-08,1.933841325923313648e-01,9.667143483079860822e-01
4.038057777432504025e+01,2.731140055428172108e-07,-8.849052589428753057e-01,5.468463090194700671e-01
4.058048162469298603e+01,2.156053799778557325e-07,-8.632442992601107035e-01,-5.798713401137581824e-01
4.078038547506093181e+01,1.777197292116608567e-07,2.323734328856261744e-01,-9.578955129063085883e-01
4.098028932542887759e+01,1.946254457646999521e-07,9.494003386155278612e-01,2.027056974074525897e-02
4.118019317579682337e+01,2.656861113314181246e-07,1.937774442279610598e-01,9.673129430946594276e-01
4.138009702616476915e+01,1.794666036061915339e-07,-8.843124598877888376e-01,5.470339765117134823e-01
4.158000087653271493e+01,1.879211044452814740e-07,-8.622747774536210219e-01,-5.795669353317097761e-01
4.177990472690066071e+01,2.641553531685744676e-07,2.331045697918835702e-01,-9.569566471275072761e-01
4.197980857726860648e+01,1.931585404172830407e-07,9.493865027573769044e-01,2.140463739740390905e-02
4.217971242763655226e+01,1.782593772332050045e-07,1.930215653410388144e-01,9.682324411870341097e-01
4.237961627800449804e+01,2.168853233239078143e-07,-8.852785110821203007e-01,5.473180606412916260e-01
4.257952012837244382e+01,2.743043364933541485e-07,-8.628596989608859902e-01,-5.793784384426453604e-01
4.277942397874038960e+01,6.385917729689482507e-08,2.327032897429320291e-01,-9.563468444706673122e-01
4.297932782910833538e+01,2.875584213250863797e-07,9.483782142342608301e-01,2.221593374061011858e-02
4.317923167947628116e+01,2.311107472916026257e-07,1.916708061591260448e-01,9.681318201619916186e-01
4.337913552984422694e+01,1.835877132266724294e-07,-8.862179564946166543e-01,5.464463918415256583e-01
4.357903938021217272e+01,1.822230167588613786e-07,-8.630755205316110734e-01,-5.806542029813244188e-01
4.377894323058011850e+01,2.270222394312713776e-07,2.329893677653052941e-01,-9.573219377279730269e-01
4.397884708094806427e+01,2.918211810978674816e-07,9.484301919785103063e-01,2.146401432662544545e-02
4.417875093131601005e+01,4.553342538901931776e-08,1.915021283287491882e-01,9.671559407881957782e-01
4.437865478168395583e+01,2.758236690549786975e-07,-8.859022243006525743e-01,5.452093750202295919e-01
4.457855863205190161e+01,2.201176895369122910e-07,-8.620802562953044923e-01,-5.814439796880189748e-01
4.477846248241984739e+01,1.791638294889853083e-07,2.343268871033372114e-01,-9.573254014852012883e-01
4.497836633278779317e+01,1.909162418173283897e-07,9.493809453244863583e-01,2.235357314801176415e-02
4.517827018315573895e+01,2.604288252700582798e-07,1.918361304505926679e-01,9.678311674277860766e-01
4.537817403352368473e+01,2.048685326414610712e-07,-8.853671734712461605e-01,5.454640405782729129e-01
4.557807788389163051e+01,1.602659227316242008e-07,-8.611594912134016289e-01,-5.810933092720359516e-01
4.577798173425957629e+01,2.692548818278814560e-07,2.350224318179826855e-01,-9.563551857555538938e-01
4.597788558462752206e+01,1.970871454076569130e-07,9.493118360106839182e-01,2.348618415964372902e-02
4.617778943499546784e+01,1.770363156971582252e-07,1.910476798598671755e-01,9.687161646462532083e-01
4.637769328536341362e+01,2.125019748545436058e-07,-8.863760549984942561e-01,5.456994036670298476e-01
4.657759713573135940e+01,2.707219061151558864e-07,-8.617959335760568829e-01,-5.809763310277827886e-01
4.677750098609930518e+01,9.866458530018076764e-08,2.345667284980994804e-01,-9.558289623210383112e-01
4.697740483646725096e+01,2.766393895095450851e-07,9.482804152410208021e-01,2.423092964126298196e-02
4.717730868683519674e+01,2.374637575323583611e-07,1.896853740897901375e-01,9.685527142424583680e-01
4.737721253720314252e+01,1.857035798564904552e-07,-8.872757653058315208e-01,5.447729499206500625e-01
4.757711638757108830e+01,1.807061427060592315e-07,-8.619410970701270047e-01,-5.822793790657507795e-01
4.777702023793903408e+01,2.211173605235226788e-07,2.349609425326077972e-01,-9.568061353347162568e-01
4.797692408830697985e+01,2.951768441644480189e-07,9.484374631478151851e-01,2.349263499964027863e-02
4.817682793867492563e+01,2.715538591927548498e-08,1.896233437548402179e-01,9.675993335533689121e-01
4.837673178904287141e+01,2.769593126201899591e-07,-8.868934077491598122e-01,5.435773117096286411e-01
4.857663563941081719e+01,2.247998177527536795e-07,-8.609145973684545483e-01,-5.830095662416817648e-01
4.877653948977876297e+01,1.809348990435789215e-07,2.362750341085896322e-01,-9.567500363392923424e-01
4.897644334014670875e+01,1.875508970777296261e-07,9.493550298863633330e-01,2.443274933927614898e-02
4.917634719051465453e+01,2.549895623251077970e-07,1.898951542429455075e-01,9.683445436059593403e-01
4.937625104088260031e+01,2.262263351729112424e-07,-8.864214962903999018e-01,5.438944878419749163e-01
4.957615489125054609e+01,1.307734830018002172e-07,-8.600484996159066808e-01,-5.826143973096339357e-01
4.977605874161849187e+01,2.739211301605315138e-07,2.369324594276556728e-01,-9.557514464415972633e-01
4.997596259198643764e+01,2.013557712063388767e-07,9.492306696801310339e-01,2.556304657772540123e-02
5.017586644235438342e+01,1.761525698035625554e-07,1.890763095111651360e-01,9.691925205896299023e-01
5.037577029272232920e+01,2.083204535150410611e-07,-8.874672498822443467e-01,5.440801824276603194e-01
5.057567414309027498e+01,2.662442232751686055e-07,-8.607300687848177256e-01,-5.825722939717009607e-01
5.077557799345822076e+01,1.371633897044204488e-07,2.364271771862308524e-01,-9.553143476846550630e-01
5.097548184382616654e+01,2.597581711150713058e-07,9.481817724946624004e-01,2.623312286647580885e-02
5.117538569419411232e+01,2.440391842082557669e-07,1.877085871121082217e-01,9.689652866943158083e-01
5.137528954456205810e+01,1.881616592086923695e-07,-8.883238735223694116e-01,5.431013446966354019e-01
5.157519339493000388e+01,1.795407175733881393e-07,-8.608039744254953884e-01,-5.838958854275365651e-01
5.177509724529794966e+01,2.155246195007856384e-07,2.369278368109894173e-01,-9.562846998056766523e-01
5.197500109566589543e+01,2.953217265622952395e-07,9.484420002970838093e-01,2.552158844380372077e-02
5.217490494603384121e+01,2.253748726635141771e-08,1.877505364872907867e-01,9.680438628967682479e-01
5.237480879640178699e+01,2.759948302571735191e-07,-8.878772605921284589e-01,5.419532733114120759e-01
5.257471264676973277e+01,2.296287569809391279e-07,-8.597496034424679801e-01,-5.845652094838617030e-01
5.277461649713767855e+01,1.830250512841778721e-07,2.382143971774240698e-01,-9.561704774901150783e-01
5.297452034750562433e+01,1.845328353819072895e-07,9.493226766425612029e-01,2.650436653408158594e-02
5.317442419787357011e+01,2.494713871782607558e-07,1.879581513797927983e-01,9.688520427586053696e-01
5.337432804824151589e+01,2.431687189383005699e-07,-8.874733860465549018e-01,5.423278760071055249e-01
5.357423189860946167e+01,1.018495688866806240e-07,-8.589439045401029427e-01,-5.841278708747958959e-01
5.377413574897740745e+01,2.779330377712886736e-07,2.388310634033989355e-01,-9.551467116011181924e-01
5.397403959934535322e+01,2.059595582257473407e-07,9.491431123856319818e-01,2.763157321732195512e-02
5.417394344971329900e+01,1.756156214657233617e-07,1.871106957512595759e-01,9.696607037419190389e-01
5.437384730008124478e+01,2.043563758890124203e-07,-8.885501909424834421e-01,5.424631550350141884e-01
5.457375115044919056e+01,2.611632694753756328e-07,-8.596637368667056078e-01,-5.841634468675380720e-01
5.477365500081713634e+01,1.750446393820622353e-07,2.382821279315268381e-01,-9.548034720993880953e-01
5.497355885118508212e+01,2.360541865312911364e-07,9.480830153882804368e-01,2.821923912276903465e-02
5.517346270155302790e+01,2.507776653465089230e-07,1.857442015164871285e-01,9.693689823293655250e-01
5.537336655192097368e+01,1.909568924165157852e-07,-8.893604674731214743e-01,5.414345757191811881e-01
5.557327040228891946e+01,1.787277939315132085e-07,-8.596662153854730537e-01,-5.855009082846798218e-01
5.577317425265686524e+01,2.102622351875654530e-07,2.388863289908991494e-01,-9.557585626815296997e-01
5.597307810302481101e+01,2.930831328290629385e-07,9.484433746935404530e-01,2.754727844035361958e-02
5.617298195339275679e+01,3.213758307667222701e-08,1.858858969337223166e-01,9.684889021598469538e-01
5.637288580376070257e+01,2.723165012452394431e-07,-8.888525936470724753e-01,5.403399074723311823e-01
5.657278965412864835e+01,2.345760956591484890e-07,-8.585872529096099104e-01,-5.861085038862670071e-01
5.677269350449659413e+01,1.854262166592626288e-07,2.401420777175716781e-01,-9.555876344247825616e-01
5.697259735486453991e+01,1.818652386064186379e-07,9.492839631173165538e-01,2.856536988869683158e-02
5.717250120523248569e+01,2.439516385104492882e-07,1.860280888729858029e-01,9.693528235538749760e-01
5.737240505560043147e+01,2.558118822157254844e-07,-8.885211532249005506e-01,5.407662581226900800e-01
5.757230890596837725e+01,7.652154198640767040e-08,-8.578473811622083778e-01,-5.856319884822616118e-01
5.777221275633632303e+01,2.810005698176316273e-07,2.407153213728716323e-01,-9.545421126329585171e-01
5.797211660670426880e+01,2.108923256730233900e-07,9.490492697520419574e-01,2.968882113212752485e-02
5.817202045707221458e+01,1.754325898146893098e-07,1.851533452364955701e-01,9.701200930773600239e-01
5.837192430744016036e+01,2.006241195770689806e-07,-8.896234045848367966e-01,5.408504597129581981e-01
5.857182815780810614e+01,2.557039689303416959e-07,-8.585981783941357692e-01,-5.857475071229123476e-01
5.877173200817605192e+01,2.090637275141070055e-07,2.401297508965225536e-01,-9.542965357258748060e-01
5.897163585854399770e+01,2.051867963998723140e-07,9.479848636081357194e-01,3.018698273336474155e-02
5.917153970891194348e+01,2.575960594761192594e-07,1.837951371654718002e-01,9.697634992765362671e-01
5.937144355927988926e+01,1.940830698151575262e-07,-8.903842063343631041e-01,5.397749832680691640e-01
5.957134740964783504e+01,1.782673411824500071e-07,-8.585294331024768688e-01,-5.870923244399665064e-01
5.977125126001578082e+01,2.053439992722992933e-07,2.408335255770032157e-01,-9.552284657500612619e-01
5.997115511038372659e+01,2.891306341080011668e-07,9.484411857447978544e-01,2.956691021512870832e-02
6.017105896075167237e+01,5.406274897015590104e-08,1.840307993008313270e-01,9.689339213880867607e-01
6.037096281111961815e+01,2.652518349226827884e-07,-8.898187186414184824e-01,5.387391194301317521e-01
6.057086666148756393e+01,2.396058012870679637e-07,-8.574290578475964875e-01,-5.876377485445442028e-01
6.077077051185550971e+01,1.881301057825638021e-07,2.420560211036891229e-01,-9.550021851753236479e-01
6.097067436222345549e+01,1.795511070797799507e-07,9.492389482057834726e-01,3.061365490063924430e-02
6.117057821259140127e+01,2.384886549095639911e-07,1.841070083554071368e-01,9.698462846538431492e-01
6.137048206295934705e+01,2.645683484437557259e-07,-8.895635971054079993e-01,5.392109641068912884e-01
6.157038591332729283e+01,5.797874162825221775e-08,-8.567600154459086292e-01,-5.871257883397422717e-01
6.177028976369523861e+01,2.827487166175771895e-07,2.425832316660672672e-01,-9.539385536918620900e-01
6.197019361406318438e+01,2.161459621009456840e-07,9.489492358530091654e-01,3.173280798368764005e-02
6.217009746443113016e+01,1.756101059828853117e-07,1.832057988883841193e-01,9.705702998966017070e-01
6.237000131479907594e+01,1.971372504702138837e-07,-8.906859655151989630e-01,5.392434157677119533e-01
6.256990516516702172e+01,2.500375382324590838e-07,-8.575340997378348984e-01,-5.873229774403521120e-01
6.276980901553496750e+01,2.373027686693220960e-07,2.419691133019704343e-01,-9.537934118741001610e-01
6.296971286590291328e+01,1.677636925401789439e-07,9.478879992006357114e-01,3.213528463187736300e-02
6.316961671627085906e+01,2.643782161773763516e-07,1.818632472124548372e-01,9.701488355361661542e-01
6.336952056663880484e+01,1.975327013318496946e-07,-8.913943341847068158e-01,5.381240597255865232e-01
6.356942441700675062e+01,1.781582020947353059e-07,-8.573946547639764715e-01,-5.886688748961270701e-01
6.376932826737469640e+01,2.007806000232374568e-07,2.427675821553087199e-01,-9.546948872547170728e-01
6.396923211774264217e+01,2.839882012687238258e-07,9.484350513060725296e-01,3.157872467698662894e-02
6.416913596811058085e+01,8.469544236151496584e-08,1.821856281950368639e-01,9.693785334362133854e-01
6.436903981847852663e+01,2.541336463183022801e-07,-8.907755448425982436e-01,5.371518995479538372e-01
6.456894366884647241e+01,2.446713224049807568e-07,-8.562759427746133856e-01,-5.891521028220697564e-01
6.476884751921441818e+01,1.911281665958840082e-07,2.439552051977291747e-01,-9.544145158206882584e-01
6.496875136958236396e+01,1.775932741753513136e-07,9.491876614567767989e-01,3.264825631337214124e-02
6.516865521995030974e+01,2.331269037202987784e-07,1.821958526308047055e-01,9.703320963105362962e-01
6.536855907031825552e+01,2.699925982914948466e-07,-8.906000936194293782e-01,5.376624505552008992e-01
6.556846292068620130e+01,4.890611333106059167e-08,-8.556821904234405141e-01,-5.886092085898032567e-01
6.576836677105414708e+01,2.827024168458966388e-07,2.444338854594475530e-01,-9.533366570351098357e-01
6.596827062142209286e+01,2.217096173073155226e-07,9.488430862109235031e-01,3.376267413347637525e-02
6.616817447179003864e+01,1.761541665476126472e-07,1.812684897606948731e-01,9.710111940150434329e-01
6.636807832215798442e+01,1.939087631401612219e-07,-8.917375643299524368e-01,5.376423986394914811e-01
6.656798217252593020e+01,2.442933690399808197e-07,-8.564715807252518687e-01,-5.888892603062872988e-01
6.676788602289387597e+01,2.590493837119971205e-07,2.438003135788100739e-01,-9.532936147626850376e-01
6.696778987326182175e+01,1.257803080721465186e-07,9.477930363335995700e-01,3.406444933881308534e-02
6.716769372362976753e+01,2.709629349119566342e-07,1.799491806835887553e-01,9.705253114239500434e-01
6.736759757399771331e+01,2.012968484323143769e-07,-8.923907403834370200e-01,5.364823380449620371e-01
6.756750142436565909e+01,1.783980283122908330e-07,-8.562622380165122449e-01,-5.902302618868047190e-01
6.776740527473360487e+01,1.965804550243584575e-07,2.446878311559523012e-01,-9.541579936424013919e-01
6.796730912510155065e+01,2.780562702906410505e-07,9.484245987627869523e-01,3.358213269393672817e-02
6.816721297546949643e+01,1.197222416890071378e-07,1.803496966667027523e-01,9.698225224255725418e-01
6.836711682583744221e+01,2.384123334939302642e-07,-8.917236219628905669e-01,5.355782299426071758e-01
6.856702067620538799e+01,2.497118058983254115e-07,-8.551281773637305905e-01,-5.906516637518368640e-01
6.876692452657333376e+01,1.944114943011845590e-07,2.458397340762264738e-01,-9.538246865119593965e-01
6.896682837694127954e+01,1.759943455861059186e-07,9.491300948398677662e-01,3.466943476802000074e-02
6.916673222730922532e+01,2.279007990449591150e-07,1.802943913958507671e-01,9.708102085008453175e-01
6.936663607767717110e+01,2.726733719713023338e-07,-8.916306279449062178e-01,5.361202331469694382e-01
6.956653992804511688e+01,5.080320609810114690e-08,-8.546135329398527603e-01,-5.900831238043108273e-01
6.976644377841306266e+01,2.802767001188274060e-07,2.462675419731122639e-01,-9.527367352614214413e-01
6.996634762878100844e+01,2.275685849593297605e-07,9.487308737084197974e-01,3.577873957213003470e-02
7.016625147914895422e+01,1.770699665758926641e-07,1.793407035520930004e-01,9.714429060231514201e-01
7.036615532951690000e+01,1.909511583542298579e-07,-8.927785194469057828e-01,5.360468011390960852e-01
7.056605917988484578e+01,2.385689430792844299e-07,-8.554100414920704498e-01,-5.904466891745758783e-01
7.076596303025279155e+01,2.744770842402709179e-07,2.456245164974318607e-01,-9.527962950007141663e-01
7.096586688062073733e+01,8.287308383773527867e-08,9.477004905535424406e-01,3.597618543992972540e-02
7.116577073098868311e+01,2.771286381002305501e-07,1.780523502390871371e-01,9.708935661546622686e-01
7.136567458135662889e+01,2.053648446591722920e-07,-8.933739630882301386e-01,5.348493677842196536e-01
7.156557843172457467e+01,1.789832208844942095e-07,-8.551318481794830673e-01,-5.917771604253668771e-01
7.176548228209252045e+01,1.927502030968115222e-07,2.465948050366496558e-01,-9.536176214389381345e-01
7.196538613246046623e+01,2.716357221387416231e-07,9.484094584505956549e-01,3.557773817691643747e-02
7.216528998282841201e+01,1.551284740686446717e-07,1.785212637864921070e-01,9.702658517397901861e-01
7.236519383319635779e+01,2.178234266153353046e-07,-8.926641250588932541e-01,5.340170789522993289e-01
7.256509768356430357e+01,2.546472502769590189e-07,-8.539853697706503155e-01,-5.921374581818334981e-01
7.276500153393224934e+01,1.979707453724036414e-07,2.477108279945705593e-01,-9.532324277593446915e-01
7.296490538430019512e+01,1.747566376579230094e-07,9.490661981824829452e-01,3.667865261257331755e-02
7.316480923466814090e+01,2.228375380981643605e-07,1.784012533033478287e-01,9.712808350946318114e-01
7.336471308503608668e+01,2.731681551881802619e-07,-8.926557696439681999e-01,5.345829083765597511e-01
7.356461693540403246e+01,6.354885442155566706e-08,-8.535529270316511985e-01,-5.915492942689601907e-01
7.376452078577197824e+01,2.747797467925184440e-07,2.480856002112688807e-01,-9.521387932491384154e-01
7.396442463613992402e+01,2.337028083135505569e-07,9.486126284969230715e-01,3.778245008833995555e-02
7.416432848650786980e+01,1.783617482036720682e-07,1.774206463367128672e-01,9.718658057500149106e-01
7.436423233687581558e+01,1.882764327191025867e-07,-8.938097322228742980e-01,5.344550852353262549e-01
7.456413618724376136e+01,2.329377822857954754e-07,-8.543482722250242967e-01,-5.919964734769211923e-01
7.476404003761170713e+01,2.842903387909407531e-07,2.474438844285739847e-01,-9.523002650842660177e-01
7.496394388797965291e+01,4.412042223557324595e-08,9.476107498979623456e-01,3.787351391695966546e-02
7.516384773834759869e+01,2.825748110115462801e-07,1.761710080306326254e-01,9.712545290499385864e-01
7.536375158871554447e+01,2.097239521499532507e-07,-8.943451358017497910e-01,5.332237812827042012e-01
7.556365543908349025e+01,1.799089065723554385e-07,-8.540024988231403880e-01,-5.933111431233377697e-01
7.576355928945143603e+01,1.892949861141989448e-07,2.484901528096427059e-01,-9.530732911052859357e-01
7.596346313981938181e+01,2.649499355940063414e-07,9.483892605758229566e-01,3.756724870205043615e-02
7.616336699018732759e+01,1.878465285269760520e-07,1.766976512954885892e-01,9.707086506071289644e-01
7.636327084055527337e+01,1.926010624010052812e-07,-8.935987822434511285e-01,5.324664843151074578e-01
7.656317469092321915e+01,2.593724198145061535e-07,-8.528465216932773485e-01,-5.936113503879281161e-01
7.676307854129116492e+01,2.017960175172095388e-07,2.495707100674611489e-01,-9.526371679238990753e-01
7.696298239165911070e+01,1.738820774361719759e-07,9.489958790849644110e-01,3.867844038566904674e-02
7.716288624202705648e+01,2.179591435830814822e-07,1.765140618661834027e-01,9.717444156795255195e-01
7.736279009239500226e+01,2.719696095418385364e-07,-8.936765932657165790e-01,5.330482630282101786e-01
7.756269394276294804e+01,8.540500915017255803e-08,-8.524985936830685729e-01,-5.930102328131194867e-01
7.776259779313089382e+01,2.654407655512932951e-07,2.498904701725635225e-01,-9.515425597194859808e-01
7.796250164349883960e+01,2.400848339168528923e-07,9.484883625555290410e-01,3.977621729509705356e-02
7.816240549386678538e+01,1.800326707120735223e-07,1.755056142044731093e-01,9.722804592122301637e-01
7.836230934423473116e+01,1.858959936341205621e-07,-8.948325892664688030e-01,5.328649204427461372e-01
7.856221319460267694e+01,2.274556286553704042e-07,-8.532845236802079070e-01,-5.935405624244324274e-01
7.876211704497062271e+01,2.894298776885400552e-07,2.492614098566200143e-01,-9.518040544736831032e-01
7.896202089533856849e+01,1.519661717480847990e-08,9.475240508045543741e-01,3.976055957164351118e-02
7.916192474570651427e+01,2.869008984128107017e-07,1.743024227187504049e-01,9.716093680475221817e-01
7.936182859607446005e+01,2.143588606147149335e-07,-8.953058819810436608e-01,5.316034442674911764e-01
7.956173244644240583e+01,1.811689444388517483e-07,-8.528726524529156583e-01,-5.948345249221571596e-01
7.976163629681035161e+01,1.862185899102172106e-07,2.503764574881487959e-01,-9.525242517441329104e-01
7.996154014717829739e+01,2.581633635251367635e-07,9.483636362820194732e-01,3.955328261536844581e-02
8.016144399754624317e+01,2.159778743486042673e-07,1.748754500605488038e-01,9.711511805638631811e-01
8.036134784791418895e+01,1.636984629987662963e-07,-8.945297511317529260e-01,5.309237178843613236e-01
8.056125169828213473e+01,2.637493794247171824e-07,-8.517101405206133347e-01,-5.950758736661675430e-01
8.076115554865008050e+01,2.058767335615724104e-07,2.514223996944419115e-01,-9.520380898972311545e-01
8.096105939901802628e+01,1.733721452356492466e-07,9.489190076272645546e-01,4.067216562768839055e-02
8.116096324938597206e+01,2.132839491843419438e-07,1.746296630831892238e-01,9.722015586535120990e-01
8.136086709975391784e+01,2.694934671794829362e-07,-8.946945522366921422e-01,5.315134615465427759e-01
8.156077095012186362e+01,1.134668793452213312e-07,-8.514482300740680021e-01,-5.944690015903052460e-01
8.176067480048980940e+01,2.514793822614840546e-07,2.516853557451699253e-01,-9.509475453791276234e-01
8.196057865085775518e+01,2.466770006715865423e-07,9.483580790227064128e-01,4.176316708729084504e-02
8.216048250122570096e+01,1.820847101032415496e-07,1.735922499328566848e-01,9.726875682819973168e-01
8.236038635159364674e+01,1.838205332903525864e-07,-8.958488208263606367e-01,5.312733967418860059e-01
8.256029020196159252e+01,2.221651207147093971e-07,-8.522166506250832274e-01,-5.950814400717855390e-01
8.276019405232953829e+01,2.908705272977822834e-07,2.510806638673859226e-01,-9.513059908891366989e-01
8.296009790269748407e+01,9.668299345310854555e-10,9.474404621308083474e-01,4.164224193186558121e-02
8.316000175306542985e+01,2.895849776164152353e-07,1.724431413188116102e-01,9.719594201559563773e-01
8.335990560343337563e+01,2.192509521998523089e-07,-8.962581674990871550e-01,5.299856772671740490e-01
8.355980945380132141e+01,1.827559740211391205e-07,-8.517403723948621108e-01,-5.963501417938241733e-01
8.375971330416926719e+01,1.835234838206678557e-07,2.522569711526227998e-01,-9.519695525889803056e-01
8.395961715453721297e+01,2.513963854640324983e-07,9.483322229396697889e-01,4.153909109607651501e-02
8.415952100490515875e+01,2.386881570633456369e-07,1.730507986982558755e-01,9.715937853638637600e-01
8.435942485527310453e+01,1.329389329593121291e-07,-8.954594546303762392e-01,5.293855172547564658e-01
8.455932870564105031e+01,2.675985791933629785e-07,-8.505743984964350135e-01,-5.965340015313838062e-01
8.475923255600899608e+01,2.102014390323288868e-07,2.532694315141454378e-01,-9.514342121293358767e-01
8.495913640637694186e+01,1.732277941443422112e-07,9.488354256423249256e-01,4.266372487031735300e-02
8.515904025674488764e+01,2.088276373889092244e-07,1.727444240298451616e-01,9.726529708726093792e-01
8.535894410711283342e+01,2.660792196427470070e-07,-8.957113181008722336e-01,5.299752940230796350e-01
8.555884795748077920e+01,1.443716475037060694e-07,-8.503991954419417576e-01,-5.959289575523547544e-01
8.575875180784872498e+01,2.322357171814485871e-07,2.534739697366039102e-01,-9.503531218441868544e-01
8.595865565821667076e+01,2.534275860586626349e-07,9.482217858691562862e-01,4.374681983284436915e-02
8.615855950858461654e+01,1.845185878619581675e-07,1.716768635015369637e-01,9.730878988878692848e-01
8.635846335895256232e+01,1.820598711302032434e-07,-8.968603282481266703e-01,5.296772928555323334e-01
8.655836720932050810e+01,2.170992699231282436e-07,-8.511422952708721512e-01,-5.966218705698058677e-01
8.675827105968845387e+01,2.895051043239814507e-07,2.529054835803148382e-01,-9.508043017154921284e-01
8.695817491005639965e+01,4.005156596998318311e-09,9.473598803888717557e-01,4.352389235524458527e-02
8.715807876042434543e+01,2.899671032911922138e-07,1.705893115423812445e-01,9.723061100553468394e-01
8.735798261079229121e+01,2.243772766909877401e-07,-8.972041246542172832e-01,5.283675274767839491e-01
8.755788646116023699e+01,1.846614839014200263e-07,-8.506035120895354407e-01,-5.978610836657275440e-01
8.775779031152818277e+01,1.812108274307051645e-07,2.541352920316407582e-01,-9.514081346220197855e-01
8.795769416189612855e+01,2.447367973843215406e-07,9.482946731865851131e-01,4.352822156816190530e-02
8.815759801226407433e+01,2.559374053472675843e-07,1.712197096681832842e-01,9.720368298107454619e-01
8.835750186263202011e+01,1.029936369400310822e-07,-8.963903905324366317e-01,5.278483635437367649e-01
8.855740571299996589e+01,2.706887374292738310e-07,-8.494373242748980424e-01,-5.979888798801058503e-01
8.875730956336791166e+01,2.147575379161264416e-07,2.551155257527173981e-01,-9.508244867768013142e-01
8.895721341373585744e+01,1.734494148749754523e-07,9.487449598200379253e-01,4.465718698275002174e-02
8.915711726410380322e+01,2.046039539097874331e-07,1.708545748857604740e-01,9.730993803478689141e-01
8.935702111447174900e+01,2.619974857054347398e-07,-8.967286003333786448e-01,5.284304616775022945e-01
8.955692496483969478e+01,1.749954867798417434e-07,-8.493487260836386499e-01,-5.973934698510966479e-01
8.975682881520764056e+01,2.073762786420222472e-07,2.552602078168468847e-01,-9.497586133179168888e-01
8.995673266557558634e+01,2.602655021730903120e-07,9.480795129728871729e-01,4.573073220914144338e-02
9.015663651594353212e+01,1.873337445943025617e-07,1.697557870738267971e-01,9.734822046166937692e-01
9.035654036631147790e+01,1.806228210992342786e-07,-8.978689964256337808e-01,5.280733753490552962e-01
9.055644421667942368e+01,2.122839946564089782e-07,-8.500590938666554575e-01,-5.981646172697903108e-01
9.075634806704736945e+01,2.860922366778878272e-07,2.547396275373410846e-01,-9.502972272011581678e-01
9.095625191741531523e+01,2.372739329718636759e-08,9.472820382024345065e-01,4.541083221173106838e-02
9.115615576778326101e+01,2.872462848522894232e-07,1.687370345299194496e-01,9.726508640292678143e-01
9.135605961815120679e+01,2.297090865756230802e-07,-8.981458640783657188e-01,5.267460658654504746e-01
9.155596346851915257e+01,1.868759377078741906e-07,-8.494599243899930707e-01,-5.993704061659396176e-01
9.175586731888709835e+01,1.792804933271835915e-07,2.560150134563360380e-01,-9.508389337062362889e-01
9.195577116925504413e+01,2.382485057655880121e-07,9.482506667748191731e-01,4.552415433105607562e-02
9.215567501962298991e+01,2.681813085493617369e-07,1.693784132211007820e-01,9.724806342473450993e-01
9.235557886999093569e+01,7.709578204930537190e-08,-8.973249320334305557e-01,5.263087803503869733e-01
9.255548272035888147e+01,2.727262685115175811e-07,-8.482970090587866885e-01,-5.994435452208438653e-01
9.275538657072682724e+01,2.195309221884425338e-07,2.569642404987208528e-01,-9.502079060444661440e-01
9.295529042109477302e+01,1.740368357650105075e-07,9.486474374803329779e-01,4.665642073525728267e-02
9.315519427146271880e+01,2.006252248704149511e-07,1.689565626884703131e-01,9.735414590983555438e-01
9.335509812183066458e+01,2.574601579789899512e-07,-8.977479637045345795e-01,5.268758730742472141e-01
9.355500197219861036e+01,2.029299534010630260e-07,-8.482941593455294305e-01,-5.988656347321981155e-01
9.375490582256655614e+01,1.771726110452668827e-07,2.570478118831192038e-01,-9.491633915487817097e-01
9.395480967293450192e+01,2.670931277930656251e-07,9.479313312509475287e-01,4.771813438481565389e-02
9.415471352330244770e+01,1.905283398707382324e-07,1.678257316720236925e-01,9.738711530016312956e-01
9.435461737367039348e+01,1.795170678420121167e-07,-8.988765086043659647e-01,5.264587010005613577e-01
9.455452122403833926e+01,2.077399631469402887e-07,-8.489648873352532155e-01,-5.997121618485778960e-01
9.475442507440628503e+01,2.812447732730035879e-07,2.565864312674843162e-01,-9.497831357457536816e-01
9.495432892477423081e+01,5.659801322880401634e-08,9.472065260263815567e-01,4.730795165409513309e-02
9.515423277514217659e+01,2.805054239754097722e-07,1.668827149677496458e-01,9.729950267039852996e-01
9.535413662551012237e+01,2.352097871350943384e-07,-8.990852920053310493e-01,5.251186818729316474e-01
9.555404047587806815e+01,1.893889245939770814e-07,-8.483076715143443858e-01,-6.008808477889955313e-01
9.575394432624601393e+01,1.777310994226824707e-07,2.578993771819088066e-01,-9.502609854880644802e-01
9.595384817661395971e+01,2.319779927121172335e-07,9.481999239265244128e-01,4.752994673670402070e-02
9.615375202698190549e+01,2.761209433806209184e-07,1.675236874700771483e-01,9.729254118866448309e-01
9.635365587734985127e+01,5.847958465826589575e-08,-8.982651374225210095e-01,5.247636269732042225e-01
9.655355972771779705e+01,2.733456945794619027e-07,-8.471518080259911043e-01,-6.009006554179874282e-01
9.675346357808574282e+01,2.245054063000667433e-07,2.588186381787319079e-01,-9.495836069601363283e-01
9.695336742845368860e+01,1.749893536884560342e-07,9.485427035526554640e-01,4.866474096499841945e-02
9.715327127882163438e+01,1.969027147226261423e-07,1.670473839703658647e-01,9.739797532078667830e-01
9.735317512918958016e+01,2.526309452518973214e-07,-8.987706603120612092e-01,5.253089232692211841e-01
9.755307897955752594e+01,2.266666426797507949e-07,-8.472331458814185146e-01,-6.003480135259893213e-01
9.775298282992547172e+01,1.428105083667328765e-07,2.588400540628771895e-01,-9.485669641257639118e-01
9.795288668029341750e+01,2.737766596586287960e-07,9.477773722276054968e-01,4.971159680065304759e-02
9.815279053066136328e+01,1.940992617977902538e-07,1.658841125398347605e-01,9.742552615015716011e-01
9.835269438102930906e+01,1.787490814984896733e-07,-8.998841806534614296e-01,5.248308945302114781e-01
9.855259823139725484e+01,2.034838928781236914e-07,-8.478579163878574576e-01,-6.012664496097724909e-01
9.875250208176520061e+01,2.754402107202943761e-07,2.584484952893786880e-01,-9.492606311566208488e-01
9.895240593213314639e+01,9.729663163769682679e-08,9.471328248184064380e-01,4.921932861060247799e-02
9.915230978250109217e+01,2.687842245725478164e-07,1.650233758872764467e-01,9.733397876142574345e-01
9.935221363286903795e+01,2.408320988345675938e-07,-9.000239497882767115e-01,5.234833482692405893e-01
9.955211748323698373e+01,1.921893122284220432e-07,-8.471452162321135848e-01,-6.023945785142090781e-01
9.975202133360492951e+01,1.765600756434207271e-07,2.597909630720161012e-01,-9.496735221413827865e-01
9.995192518397287529e+01,2.259590871986043874e-07,9.481422186855709144e-01,4.954791839836895223e-02
