timestamp, uuid, utilization.gpu [%], memory.used [MiB], power.draw [W]
2026/09/26 12:44:34.482, GPU-4e17a6c2-3971-32f8-1e8d-c8358e993c43, 0 %, 1 MiB, 55.86 W
2026/09/26 12:44:35.487, GPU-4e17a6c2-3971-32f8-1e8d-c8358e993c43, 0 %, 1 MiB, 56.15 W
2026/09/26 12:44:36.487, GPU-4e17a6c2-3971-32f8-1e8d-c8358e993c43, 0 %, 1 MiB, 51.22 W
2026/09/26 12:44:37.487, GPU-4e17a6c2-3971-32f8-1e8d-c8358e993c43, 0 %, 5 MiB, 51.22 W
2026/09/26 12:44:38.489, GPU-4e17a6c2-3971-32f8-1e8d-c8358e993c43, 0 %, 5 MiB, 51.28 W
2026/09/26 12:44:39.489, GPU-4e17a6c2-3971-32f8-1e8d-c8358e993c43, 0 %, 5 MiB, 51.28 W
2026/09/26 12:44:40.490, GPU-4e17a6c2-3971-32f8-1e8d-c8358e993c43, 0 %, 5 MiB, 51.28 W
2026/09/26 12:44:41.490, GPU-4e17a6c2-3971-32f8-1e8d-c8358e993c43, 0 %, 5 MiB, 51.22 W
2026/09/26 12:44:42.490, GPU-4e17a6c2-3971-32f8-1e8d-c8358e993c43, 0 %, 22 MiB, 59.72 W
2026/09/26 12:44:43.490, GPU-4e17a6c2-3971-32f8-1e8d-c8358e993c43, 82 %, 725 MiB, 131.42 W
2026/09/26 12:44:44.491, GPU-4e17a6c2-3971-32f8-1e8d-c8358e993c43, 54 %, 11365 MiB, 93.11 W
2026/09/26 12:44:45.491, GPU-4e17a6c2-3971-32f8-1e8d-c8358e993c43, 100 %, 11365 MiB, 214.87 W
2026/09/26 12:44:46.491, GPU-4e17a6c2-3971-32f8-1e8d-c8358e993c43, 100 %, 11365 MiB, 268.33 W
2026/09/26 12:44:47.492, GPU-4e17a6c2-3971-32f8-1e8d-c8358e993c43, 100 %, 11365 MiB, 274.00 W
2026/09/26 12:44:48.492, GPU-4e17a6c2-3971-32f8-1e8d-c8358e993c43, 99 %, 11365 MiB, 274.95 W
2026/09/26 12:44:49.492, GPU-4e17a6c2-3971-32f8-1e8d-c8358e993c43, 85 %, 11365 MiB, 273.77 W
2026/09/26 12:44:50.492, GPU-4e17a6c2-3971-32f8-1e8d-c8358e993c43, 81 %, 11365 MiB, 274.67 W
2026/09/26 12:44:51.493, GPU-4e17a6c2-3971-32f8-1e8d-c8358e993c43, 100 %, 11365 MiB, 275.28 W
2026/09/26 12:44:52.493, GPU-4e17a6c2-3971-32f8-1e8d-c8358e993c43, 100 %, 11365 MiB, 273.67 W
2026/09/26 12:44:53.493, GPU-4e17a6c2-3971-32f8-1e8d-c8358e993c43, 99 %, 11365 MiB, 275.28 W
2026/09/26 12:44:54.493, GPU-4e17a6c2-3971-32f8-1e8d-c8358e993c43, 85 %, 11365 MiB, 275.71 W
2026/09/26 12:44:55.493, GPU-4e17a6c2-3971-32f8-1e8d-c8358e993c43, 81 %, 11365 MiB, 298.52 W
2026/09/26 12:44:56.494, GPU-4e17a6c2-3971-32f8-1e8d-c8358e993c43, 81 %, 11365 MiB, 289.11 W
2026/09/26 12:44:57.494, GPU-4e17a6c2-3971-32f8-1e8d-c8358e993c43, 82 %, 11365 MiB, 230.67 W
2026/09/26 12:44:58.495, GPU-4e17a6c2-3971-32f8-1e8d-c8358e993c43, 85 %, 11365 MiB, 297.36 W
2026/09/26 12:44:59.495, GPU-4e17a6c2-3971-32f8-1e8d-c8358e993c43, 97 %, 11365 MiB, 284.80 W
2026/09/26 12:45:00.495, GPU-4e17a6c2-3971-32f8-1e8d-c8358e993c43, 100 %, 11365 MiB, 296.49 W
2026/09/26 12:45:01.495, GPU-4e17a6c2-3971-32f8-1e8d-c8358e993c43, 100 %, 11365 MiB, 119.27 W
2026/09/26 12:45:02.496, GPU-4e17a6c2-3971-32f8-1e8d-c8358e993c43, 100 %, 11365 MiB, 210.55 W
2026/09/26 12:45:03.496, GPU-4e17a6c2-3971-32f8-1e8d-c8358e993c43, 100 %, 11365 MiB, 271.88 W
2026/09/26 12:45:04.496, GPU-4e17a6c2-3971-32f8-1e8d-c8358e993c43, 100 %, 11365 MiB, 275.48 W
2026/09/26 12:45:05.496, GPU-4e17a6c2-3971-32f8-1e8d-c8358e993c43, 97 %, 11365 MiB, 276.47 W
2026/09/26 12:45:06.497, GPU-4e17a6c2-3971-32f8-1e8d-c8358e993c43, 85 %, 11365 MiB, 271.55 W
2026/09/26 12:45:07.497, GPU-4e17a6c2-3971-32f8-1e8d-c8358e993c43, 81 %, 11365 MiB, 282.48 W
2026/09/26 12:45:08.497, GPU-4e17a6c2-3971-32f8-1e8d-c8358e993c43, 82 %, 11365 MiB, 292.94 W
2026/09/26 12:45:09.497, GPU-4e17a6c2-3971-32f8-1e8d-c8358e993c43, 82 %, 11365 MiB, 277.19 W
2026/09/26 12:45:10.497, GPU-4e17a6c2-3971-32f8-1e8d-c8358e993c43, 85 %, 11365 MiB, 279.69 W
2026/09/26 12:45:11.498, GPU-4e17a6c2-3971-32f8-1e8d-c8358e993c43, 97 %, 11365 MiB, 290.67 W
2026/09/26 12:45:12.498, GPU-4e17a6c2-3971-32f8-1e8d-c8358e993c43, 100 %, 11365 MiB, 294.57 W
2026/09/26 12:45:13.498, GPU-4e17a6c2-3971-32f8-1e8d-c8358e993c43, 100 %, 11365 MiB, 125.53 W
2026/09/26 12:45:14.498, GPU-4e17a6c2-3971-32f8-1e8d-c8358e993c43, 99 %, 11365 MiB, 315.17 W
2026/09/26 12:45:15.498, GPU-4e17a6c2-3971-32f8-1e8d-c8358e993c43, 100 %, 11365 MiB, 157.25 W
2026/09/26 12:45:16.499, GPU-4e17a6c2-3971-32f8-1e8d-c8358e993c43, 100 %, 11365 MiB, 136.10 W
2026/09/26 12:45:17.499, GPU-4e17a6c2-3971-32f8-1e8d-c8358e993c43, 100 %, 11365 MiB, 263.26 W
2026/09/26 12:45:18.499, GPU-4e17a6c2-3971-32f8-1e8d-c8358e993c43, 88 %, 11365 MiB, 275.20 W
2026/09/26 12:45:19.499, GPU-4e17a6c2-3971-32f8-1e8d-c8358e993c43, 83 %, 11365 MiB, 274.11 W
2026/09/26 12:45:20.500, GPU-4e17a6c2-3971-32f8-1e8d-c8358e993c43, 81 %, 11365 MiB, 276.66 W
2026/09/26 12:45:21.500, GPU-4e17a6c2-3971-32f8-1e8d-c8358e993c43, 81 %, 11365 MiB, 272.07 W
2026/09/26 12:45:22.500, GPU-4e17a6c2-3971-32f8-1e8d-c8358e993c43, 83 %, 11365 MiB, 281.30 W
2026/09/26 12:45:23.500, GPU-4e17a6c2-3971-32f8-1e8d-c8358e993c43, 95 %, 11365 MiB, 314.56 W
2026/09/26 12:45:24.500, GPU-4e17a6c2-3971-32f8-1e8d-c8358e993c43, 100 %, 11365 MiB, 262.42 W
2026/09/26 12:45:25.501, GPU-4e17a6c2-3971-32f8-1e8d-c8358e993c43, 100 %, 11365 MiB, 305.27 W
2026/09/26 12:45:26.501, GPU-4e17a6c2-3971-32f8-1e8d-c8358e993c43, 100 %, 11365 MiB, 293.87 W
2026/09/26 12:45:27.501, GPU-4e17a6c2-3971-32f8-1e8d-c8358e993c43, 100 %, 11365 MiB, 192.21 W
2026/09/26 12:45:28.501, GPU-4e17a6c2-3971-32f8-1e8d-c8358e993c43, 100 %, 11365 MiB, 136.50 W
2026/09/26 12:45:29.502, GPU-4e17a6c2-3971-32f8-1e8d-c8358e993c43, 100 %, 11365 MiB, 265.01 W
2026/09/26 12:45:30.502, GPU-4e17a6c2-3971-32f8-1e8d-c8358e993c43, 87 %, 11365 MiB, 272.60 W
2026/09/26 12:45:31.502, GPU-4e17a6c2-3971-32f8-1e8d-c8358e993c43, 81 %, 11365 MiB, 274.87 W
2026/09/26 12:45:32.503, GPU-4e17a6c2-3971-32f8-1e8d-c8358e993c43, 82 %, 11365 MiB, 274.95 W
2026/09/26 12:45:33.503, GPU-4e17a6c2-3971-32f8-1e8d-c8358e993c43, 82 %, 11365 MiB, 275.48 W
2026/09/26 12:45:34.503, GPU-4e17a6c2-3971-32f8-1e8d-c8358e993c43, 82 %, 11365 MiB, 304.10 W
2026/09/26 12:45:35.504, GPU-4e17a6c2-3971-32f8-1e8d-c8358e993c43, 91 %, 11365 MiB, 284.10 W
2026/09/26 12:45:36.504, GPU-4e17a6c2-3971-32f8-1e8d-c8358e993c43, 100 %, 11365 MiB, 253.38 W
2026/09/26 12:45:37.504, GPU-4e17a6c2-3971-32f8-1e8d-c8358e993c43, 100 %, 11365 MiB, 288.93 W
2026/09/26 12:45:38.504, GPU-4e17a6c2-3971-32f8-1e8d-c8358e993c43, 100 %, 11365 MiB, 298.00 W
2026/09/26 12:45:39.504, GPU-4e17a6c2-3971-32f8-1e8d-c8358e993c43, 100 %, 11365 MiB, 195.47 W
2026/09/26 12:45:40.505, GPU-4e17a6c2-3971-32f8-1e8d-c8358e993c43, 95 %, 11365 MiB, 280.73 W
2026/09/26 12:45:41.505, GPU-4e17a6c2-3971-32f8-1e8d-c8358e993c43, 100 %, 11365 MiB, 302.35 W
2026/09/26 12:45:42.505, GPU-4e17a6c2-3971-32f8-1e8d-c8358e993c43, 100 %, 11365 MiB, 122.21 W
2026/09/26 12:45:43.506, GPU-4e17a6c2-3971-32f8-1e8d-c8358e993c43, 100 %, 11365 MiB, 228.87 W
2026/09/26 12:45:44.506, GPU-4e17a6c2-3971-32f8-1e8d-c8358e993c43, 100 %, 11365 MiB, 273.35 W
2026/09/26 12:45:45.507, GPU-4e17a6c2-3971-32f8-1e8d-c8358e993c43, 100 %, 11365 MiB, 276.90 W
2026/09/26 12:45:46.507, GPU-4e17a6c2-3971-32f8-1e8d-c8358e993c43, 84 %, 11365 MiB, 275.15 W
2026/09/26 12:45:47.507, GPU-4e17a6c2-3971-32f8-1e8d-c8358e993c43, 83 %, 11365 MiB, 302.87 W
2026/09/26 12:45:48.508, GPU-4e17a6c2-3971-32f8-1e8d-c8358e993c43, 83 %, 11365 MiB, 288.27 W
2026/09/26 12:45:49.508, GPU-4e17a6c2-3971-32f8-1e8d-c8358e993c43, 83 %, 11365 MiB, 295.73 W
2026/09/26 12:45:50.508, GPU-4e17a6c2-3971-32f8-1e8d-c8358e993c43, 84 %, 11365 MiB, 285.56 W
2026/09/26 12:45:51.508, GPU-4e17a6c2-3971-32f8-1e8d-c8358e993c43, 96 %, 11365 MiB, 306.94 W
2026/09/26 12:45:52.509, GPU-4e17a6c2-3971-32f8-1e8d-c8358e993c43, 100 %, 11365 MiB, 276.47 W
2026/09/26 12:45:53.509, GPU-4e17a6c2-3971-32f8-1e8d-c8358e993c43, 100 %, 11365 MiB, 137.38 W
2026/09/26 12:45:54.509, GPU-4e17a6c2-3971-32f8-1e8d-c8358e993c43, 100 %, 11365 MiB, 262.22 W
2026/09/26 12:45:55.510, GPU-4e17a6c2-3971-32f8-1e8d-c8358e993c43, 100 %, 11365 MiB, 273.87 W
2026/09/26 12:45:56.510, GPU-4e17a6c2-3971-32f8-1e8d-c8358e993c43, 100 %, 11365 MiB, 275.39 W
2026/09/26 12:45:57.510, GPU-4e17a6c2-3971-32f8-1e8d-c8358e993c43, 95 %, 11365 MiB, 275.91 W
2026/09/26 12:45:58.512, GPU-4e17a6c2-3971-32f8-1e8d-c8358e993c43, 83 %, 11365 MiB, 292.94 W
2026/09/26 12:45:59.512, GPU-4e17a6c2-3971-32f8-1e8d-c8358e993c43, 84 %, 11365 MiB, 275.39 W
2026/09/26 12:46:00.512, GPU-4e17a6c2-3971-32f8-1e8d-c8358e993c43, 82 %, 11365 MiB, 278.75 W
2026/09/26 12:46:01.512, GPU-4e17a6c2-3971-32f8-1e8d-c8358e993c43, 81 %, 11365 MiB, 279.79 W
2026/09/26 12:46:02.512, GPU-4e17a6c2-3971-32f8-1e8d-c8358e993c43, 93 %, 11365 MiB, 309.97 W
2026/09/26 12:46:03.513, GPU-4e17a6c2-3971-32f8-1e8d-c8358e993c43, 100 %, 11365 MiB, 264.98 W
2026/09/26 12:46:04.513, GPU-4e17a6c2-3971-32f8-1e8d-c8358e993c43, 100 %, 11365 MiB, 308.06 W
2026/09/26 12:46:05.513, GPU-4e17a6c2-3971-32f8-1e8d-c8358e993c43, 100 %, 11365 MiB, 297.83 W
2026/09/26 12:46:06.514, GPU-4e17a6c2-3971-32f8-1e8d-c8358e993c43, 100 %, 11365 MiB, 125.90 W
2026/09/26 12:46:07.515, GPU-4e17a6c2-3971-32f8-1e8d-c8358e993c43, 100 %, 11365 MiB, 222.52 W
2026/09/26 12:46:08.516, GPU-4e17a6c2-3971-32f8-1e8d-c8358e993c43, 96 %, 11365 MiB, 270.88 W
2026/09/26 12:46:09.516, GPU-4e17a6c2-3971-32f8-1e8d-c8358e993c43, 84 %, 11365 MiB, 277.52 W
2026/09/26 12:46:10.516, GPU-4e17a6c2-3971-32f8-1e8d-c8358e993c43, 81 %, 11365 MiB, 275.91 W
2026/09/26 12:46:11.516, GPU-4e17a6c2-3971-32f8-1e8d-c8358e993c43, 81 %, 11365 MiB, 275.81 W
2026/09/26 12:46:12.516, GPU-4e17a6c2-3971-32f8-1e8d-c8358e993c43, 82 %, 11365 MiB, 289.97 W
2026/09/26 12:46:13.517, GPU-4e17a6c2-3971-32f8-1e8d-c8358e993c43, 82 %, 11365 MiB, 286.89 W
2026/09/26 12:46:14.517, GPU-4e17a6c2-3971-32f8-1e8d-c8358e993c43, 95 %, 11365 MiB, 274.87 W
2026/09/26 12:46:15.517, GPU-4e17a6c2-3971-32f8-1e8d-c8358e993c43, 100 %, 11365 MiB, 300.55 W
2026/09/26 12:46:16.517, GPU-4e17a6c2-3971-32f8-1e8d-c8358e993c43, 100 %, 11365 MiB, 284.52 W
2026/09/26 12:46:17.517, GPU-4e17a6c2-3971-32f8-1e8d-c8358e993c43, 100 %, 11365 MiB, 253.01 W
2026/09/26 12:46:18.518, GPU-4e17a6c2-3971-32f8-1e8d-c8358e993c43, 100 %, 11365 MiB, 287.93 W
2026/09/26 12:46:19.518, GPU-4e17a6c2-3971-32f8-1e8d-c8358e993c43, 100 %, 11365 MiB, 311.24 W
2026/09/26 12:46:20.518, GPU-4e17a6c2-3971-32f8-1e8d-c8358e993c43, 96 %, 11365 MiB, 156.26 W
2026/09/26 12:46:21.518, GPU-4e17a6c2-3971-32f8-1e8d-c8358e993c43, 84 %, 11365 MiB, 135.57 W
2026/09/26 12:46:22.518, GPU-4e17a6c2-3971-32f8-1e8d-c8358e993c43, 83 %, 11365 MiB, 265.21 W
2026/09/26 12:46:23.519, GPU-4e17a6c2-3971-32f8-1e8d-c8358e993c43, 83 %, 11365 MiB, 274.67 W
2026/09/26 12:46:24.519, GPU-4e17a6c2-3971-32f8-1e8d-c8358e993c43, 81 %, 11365 MiB, 275.71 W
2026/09/26 12:46:25.519, GPU-4e17a6c2-3971-32f8-1e8d-c8358e993c43, 89 %, 11365 MiB, 275.91 W
2026/09/26 12:46:26.520, GPU-4e17a6c2-3971-32f8-1e8d-c8358e993c43, 100 %, 11365 MiB, 302.87 W
2026/09/26 12:46:27.520, GPU-4e17a6c2-3971-32f8-1e8d-c8358e993c43, 100 %, 11365 MiB, 285.32 W
2026/09/26 12:46:28.520, GPU-4e17a6c2-3971-32f8-1e8d-c8358e993c43, 100 %, 11365 MiB, 290.90 W
2026/09/26 12:46:29.520, GPU-4e17a6c2-3971-32f8-1e8d-c8358e993c43, 100 %, 11365 MiB, 289.97 W
2026/09/26 12:46:30.521, GPU-4e17a6c2-3971-32f8-1e8d-c8358e993c43, 100 %, 11365 MiB, 306.94 W
2026/09/26 12:46:31.521, GPU-4e17a6c2-3971-32f8-1e8d-c8358e993c43, 100 %, 11365 MiB, 288.46 W
2026/09/26 12:46:32.521, GPU-4e17a6c2-3971-32f8-1e8d-c8358e993c43, 95 %, 11365 MiB, 143.73 W
2026/09/26 12:46:33.521, GPU-4e17a6c2-3971-32f8-1e8d-c8358e993c43, 83 %, 11365 MiB, 177.64 W
2026/09/26 12:46:34.521, GPU-4e17a6c2-3971-32f8-1e8d-c8358e993c43, 84 %, 11365 MiB, 265.84 W
2026/09/26 12:46:35.522, GPU-4e17a6c2-3971-32f8-1e8d-c8358e993c43, 100 %, 11365 MiB, 274.95 W
2026/09/26 12:46:36.522, GPU-4e17a6c2-3971-32f8-1e8d-c8358e993c43, 100 %, 11365 MiB, 275.95 W
2026/09/26 12:46:37.522, GPU-4e17a6c2-3971-32f8-1e8d-c8358e993c43, 92 %, 11365 MiB, 276.14 W
2026/09/26 12:46:38.522, GPU-4e17a6c2-3971-32f8-1e8d-c8358e993c43, 83 %, 11365 MiB, 293.80 W
2026/09/26 12:46:39.523, GPU-4e17a6c2-3971-32f8-1e8d-c8358e993c43, 83 %, 11365 MiB, 275.91 W
2026/09/26 12:46:40.523, GPU-4e17a6c2-3971-32f8-1e8d-c8358e993c43, 81 %, 11365 MiB, 293.17 W
2026/09/26 12:46:41.523, GPU-4e17a6c2-3971-32f8-1e8d-c8358e993c43, 81 %, 11365 MiB, 284.80 W
2026/09/26 12:46:42.523, GPU-4e17a6c2-3971-32f8-1e8d-c8358e993c43, 93 %, 11365 MiB, 280.36 W
2026/09/26 12:46:43.523, GPU-4e17a6c2-3971-32f8-1e8d-c8358e993c43, 100 %, 11365 MiB, 297.88 W
2026/09/26 12:46:44.524, GPU-4e17a6c2-3971-32f8-1e8d-c8358e993c43, 100 %, 11365 MiB, 302.79 W
2026/09/26 12:46:45.524, GPU-4e17a6c2-3971-32f8-1e8d-c8358e993c43, 100 %, 11365 MiB, 288.35 W
2026/09/26 12:46:46.524, GPU-4e17a6c2-3971-32f8-1e8d-c8358e993c43, 100 %, 11365 MiB, 133.98 W
2026/09/26 12:46:47.524, GPU-4e17a6c2-3971-32f8-1e8d-c8358e993c43, 100 %, 11365 MiB, 138.71 W
2026/09/26 12:46:48.524, GPU-4e17a6c2-3971-32f8-1e8d-c8358e993c43, 86 %, 11365 MiB, 274.95 W
2026/09/26 12:46:49.525, GPU-4e17a6c2-3971-32f8-1e8d-c8358e993c43, 84 %, 11365 MiB, 276.24 W
2026/09/26 12:46:50.525, GPU-4e17a6c2-3971-32f8-1e8d-c8358e993c43, 81 %, 11365 MiB, 276.47 W
2026/09/26 12:46:51.525, GPU-4e17a6c2-3971-32f8-1e8d-c8358e993c43, 82 %, 11365 MiB, 288.87 W
2026/09/26 12:46:52.526, GPU-4e17a6c2-3971-32f8-1e8d-c8358e993c43, 85 %, 11365 MiB, 280.36 W
2026/09/26 12:46:53.527, GPU-4e17a6c2-3971-32f8-1e8d-c8358e993c43, 99 %, 11365 MiB, 255.11 W
2026/09/26 12:46:54.527, GPU-4e17a6c2-3971-32f8-1e8d-c8358e993c43, 100 %, 11365 MiB, 302.35 W
2026/09/26 12:46:55.527, GPU-4e17a6c2-3971-32f8-1e8d-c8358e993c43, 100 %, 11365 MiB, 298.12 W
2026/09/26 12:46:56.528, GPU-4e17a6c2-3971-32f8-1e8d-c8358e993c43, 100 %, 11365 MiB, 208.48 W
2026/09/26 12:46:57.528, GPU-4e17a6c2-3971-32f8-1e8d-c8358e993c43, 100 %, 11365 MiB, 316.83 W
2026/09/26 12:46:58.528, GPU-4e17a6c2-3971-32f8-1e8d-c8358e993c43, 100 %, 11365 MiB, 290.08 W
2026/09/26 12:46:59.528, GPU-4e17a6c2-3971-32f8-1e8d-c8358e993c43, 100 %, 11365 MiB, 119.93 W
2026/09/26 12:47:00.529, GPU-4e17a6c2-3971-32f8-1e8d-c8358e993c43, 100 %, 11365 MiB, 209.50 W
2026/09/26 12:47:01.529, GPU-4e17a6c2-3971-32f8-1e8d-c8358e993c43, 100 %, 11365 MiB, 268.56 W
2026/09/26 12:47:02.529, GPU-4e17a6c2-3971-32f8-1e8d-c8358e993c43, 100 %, 11365 MiB, 275.15 W
2026/09/26 12:47:03.529, GPU-4e17a6c2-3971-32f8-1e8d-c8358e993c43, 100 %, 11365 MiB, 276.47 W
2026/09/26 12:47:04.529, GPU-4e17a6c2-3971-32f8-1e8d-c8358e993c43, 94 %, 11365 MiB, 276.38 W
2026/09/26 12:47:05.530, GPU-4e17a6c2-3971-32f8-1e8d-c8358e993c43, 82 %, 11365 MiB, 277.04 W
2026/09/26 12:47:06.530, GPU-4e17a6c2-3971-32f8-1e8d-c8358e993c43, 81 %, 11365 MiB, 302.95 W
2026/09/26 12:47:07.530, GPU-4e17a6c2-3971-32f8-1e8d-c8358e993c43, 81 %, 11365 MiB, 288.46 W
2026/09/26 12:47:08.531, GPU-4e17a6c2-3971-32f8-1e8d-c8358e993c43, 81 %, 11365 MiB, 286.14 W
2026/09/26 12:47:09.531, GPU-4e17a6c2-3971-32f8-1e8d-c8358e993c43, 85 %, 11365 MiB, 292.53 W
2026/09/26 12:47:10.531, GPU-4e17a6c2-3971-32f8-1e8d-c8358e993c43, 100 %, 11365 MiB, 230.39 W
2026/09/26 12:47:11.531, GPU-4e17a6c2-3971-32f8-1e8d-c8358e993c43, 100 %, 11365 MiB, 294.40 W
2026/09/26 12:47:12.531, GPU-4e17a6c2-3971-32f8-1e8d-c8358e993c43, 87 %, 11365 MiB, 286.31 W
2026/09/26 12:47:13.532, GPU-4e17a6c2-3971-32f8-1e8d-c8358e993c43, 85 %, 11365 MiB, 295.49 W
2026/09/26 12:47:14.532, GPU-4e17a6c2-3971-32f8-1e8d-c8358e993c43, 82 %, 11365 MiB, 120.78 W
2026/09/26 12:47:15.532, GPU-4e17a6c2-3971-32f8-1e8d-c8358e993c43, 81 %, 11365 MiB, 232.18 W
2026/09/26 12:47:16.532, GPU-4e17a6c2-3971-32f8-1e8d-c8358e993c43, 100 %, 11365 MiB, 271.84 W
2026/09/26 12:47:17.532, GPU-4e17a6c2-3971-32f8-1e8d-c8358e993c43, 87 %, 11365 MiB, 275.91 W
2026/09/26 12:47:18.533, GPU-4e17a6c2-3971-32f8-1e8d-c8358e993c43, 83 %, 11365 MiB, 276.24 W
2026/09/26 12:47:19.533, GPU-4e17a6c2-3971-32f8-1e8d-c8358e993c43, 80 %, 11365 MiB, 276.24 W
2026/09/26 12:47:20.533, GPU-4e17a6c2-3971-32f8-1e8d-c8358e993c43, 81 %, 11365 MiB, 288.46 W
2026/09/26 12:47:21.533, GPU-4e17a6c2-3971-32f8-1e8d-c8358e993c43, 81 %, 11365 MiB, 310.86 W
2026/09/26 12:47:22.534, GPU-4e17a6c2-3971-32f8-1e8d-c8358e993c43, 93 %, 11365 MiB, 286.99 W
2026/09/26 12:47:23.534, GPU-4e17a6c2-3971-32f8-1e8d-c8358e993c43, 100 %, 11365 MiB, 297.25 W
2026/09/26 12:47:24.535, GPU-4e17a6c2-3971-32f8-1e8d-c8358e993c43, 100 %, 11365 MiB, 306.42 W
2026/09/26 12:47:25.535, GPU-4e17a6c2-3971-32f8-1e8d-c8358e993c43, 100 %, 11365 MiB, 281.49 W
2026/09/26 12:47:26.535, GPU-4e17a6c2-3971-32f8-1e8d-c8358e993c43, 100 %, 11365 MiB, 151.55 W
2026/09/26 12:47:27.536, GPU-4e17a6c2-3971-32f8-1e8d-c8358e993c43, 89 %, 11365 MiB, 136.62 W
2026/09/26 12:47:28.536, GPU-4e17a6c2-3971-32f8-1e8d-c8358e993c43, 100 %, 11365 MiB, 262.42 W
2026/09/26 12:47:29.536, GPU-4e17a6c2-3971-32f8-1e8d-c8358e993c43, 100 %, 11365 MiB, 274.43 W
2026/09/26 12:47:30.536, GPU-4e17a6c2-3971-32f8-1e8d-c8358e993c43, 100 %, 11365 MiB, 196.05 W
2026/09/26 12:47:31.537, GPU-4e17a6c2-3971-32f8-1e8d-c8358e993c43, 100 %, 11365 MiB, 265.29 W
2026/09/26 12:47:32.537, GPU-4e17a6c2-3971-32f8-1e8d-c8358e993c43, 100 %, 11365 MiB, 275.20 W
2026/09/26 12:47:33.537, GPU-4e17a6c2-3971-32f8-1e8d-c8358e993c43, 100 %, 11365 MiB, 276.47 W
2026/09/26 12:47:34.538, GPU-4e17a6c2-3971-32f8-1e8d-c8358e993c43, 99 %, 11365 MiB, 276.47 W
2026/09/26 12:47:35.538, GPU-4e17a6c2-3971-32f8-1e8d-c8358e993c43, 87 %, 11365 MiB, 273.44 W
2026/09/26 12:47:36.539, GPU-4e17a6c2-3971-32f8-1e8d-c8358e993c43, 82 %, 11365 MiB, 280.31 W
2026/09/26 12:47:37.539, GPU-4e17a6c2-3971-32f8-1e8d-c8358e993c43, 82 %, 11365 MiB, 310.49 W
2026/09/26 12:47:38.540, GPU-4e17a6c2-3971-32f8-1e8d-c8358e993c43, 82 %, 11365 MiB, 287.83 W
2026/09/26 12:47:39.540, GPU-4e17a6c2-3971-32f8-1e8d-c8358e993c43, 84 %, 11365 MiB, 295.21 W
2026/09/26 12:47:40.540, GPU-4e17a6c2-3971-32f8-1e8d-c8358e993c43, 100 %, 11365 MiB, 294.73 W
2026/09/26 12:47:41.540, GPU-4e17a6c2-3971-32f8-1e8d-c8358e993c43, 100 %, 11365 MiB, 261.15 W
2026/09/26 12:47:42.541, GPU-4e17a6c2-3971-32f8-1e8d-c8358e993c43, 93 %, 11365 MiB, 141.98 W
2026/09/26 12:47:43.541, GPU-4e17a6c2-3971-32f8-1e8d-c8358e993c43, 81 %, 11365 MiB, 252.85 W
2026/09/26 12:47:44.541, GPU-4e17a6c2-3971-32f8-1e8d-c8358e993c43, 83 %, 11365 MiB, 274.20 W
2026/09/26 12:47:45.541, GPU-4e17a6c2-3971-32f8-1e8d-c8358e993c43, 80 %, 11365 MiB, 206.95 W
2026/09/26 12:47:46.541, GPU-4e17a6c2-3971-32f8-1e8d-c8358e993c43, 81 %, 11365 MiB, 267.33 W
2026/09/26 12:47:47.542, GPU-4e17a6c2-3971-32f8-1e8d-c8358e993c43, 93 %, 11365 MiB, 275.39 W
2026/09/26 12:47:48.542, GPU-4e17a6c2-3971-32f8-1e8d-c8358e993c43, 100 %, 11365 MiB, 276.47 W
2026/09/26 12:47:49.542, GPU-4e17a6c2-3971-32f8-1e8d-c8358e993c43, 100 %, 11365 MiB, 276.66 W
2026/09/26 12:47:50.542, GPU-4e17a6c2-3971-32f8-1e8d-c8358e993c43, 100 %, 11365 MiB, 309.21 W
2026/09/26 12:47:51.542, GPU-4e17a6c2-3971-32f8-1e8d-c8358e993c43, 100 %, 11365 MiB, 273.35 W
2026/09/26 12:47:52.543, GPU-4e17a6c2-3971-32f8-1e8d-c8358e993c43, 97 %, 11365 MiB, 279.03 W
2026/09/26 12:47:53.543, GPU-4e17a6c2-3971-32f8-1e8d-c8358e993c43, 83 %, 11365 MiB, 293.17 W
2026/09/26 12:47:54.544, GPU-4e17a6c2-3971-32f8-1e8d-c8358e993c43, 85 %, 11365 MiB, 147.11 W
2026/09/26 12:47:55.544, GPU-4e17a6c2-3971-32f8-1e8d-c8358e993c43, 93 %, 11365 MiB, 175.81 W
2026/09/26 12:47:56.544, GPU-4e17a6c2-3971-32f8-1e8d-c8358e993c43, 100 %, 11365 MiB, 264.98 W
2026/09/26 12:47:57.544, GPU-4e17a6c2-3971-32f8-1e8d-c8358e993c43, 100 %, 11365 MiB, 275.81 W
2026/09/26 12:47:58.544, GPU-4e17a6c2-3971-32f8-1e8d-c8358e993c43, 100 %, 11365 MiB, 276.66 W
2026/09/26 12:47:59.545, GPU-4e17a6c2-3971-32f8-1e8d-c8358e993c43, 100 %, 11365 MiB, 276.71 W
2026/09/26 12:48:00.545, GPU-4e17a6c2-3971-32f8-1e8d-c8358e993c43, 100 %, 11365 MiB, 285.32 W
2026/09/26 12:48:01.545, GPU-4e17a6c2-3971-32f8-1e8d-c8358e993c43, 100 %, 11365 MiB, 277.19 W
2026/09/26 12:48:02.545, GPU-4e17a6c2-3971-32f8-1e8d-c8358e993c43, 90 %, 11365 MiB, 220.23 W
2026/09/26 12:48:03.545, GPU-4e17a6c2-3971-32f8-1e8d-c8358e993c43, 83 %, 11365 MiB, 303.63 W
2026/09/26 12:48:04.546, GPU-4e17a6c2-3971-32f8-1e8d-c8358e993c43, 84 %, 11365 MiB, 290.90 W
